dataset,record_id,source_path,hypnogram_path,artifact_dir,failure_path,recording_db_id,n_epochs,valid_ratio
dodh,095d6e40-5f19-55b6-a0ec-6e0ad3793da0,/home/andy/Datasets/dodh/dodh/095d6e40-5f19-55b6-a0ec-6e0ad3793da0.h5,/hypnogram,/home/andy/Projects/Noctis/out/pre_ingest_orderfix/dodh/095d6e40-5f19-55b6-a0ec-6e0ad3793da0,,,1192,1.0
dodh,0d79f4b1-e74f-5e87-8e42-f9dd7112ada5,/home/andy/Datasets/dodh/dodh/0d79f4b1-e74f-5e87-8e42-f9dd7112ada5.h5,/hypnogram,/home/andy/Projects/Noctis/out/pre_ingest_orderfix/dodh/0d79f4b1-e74f-5e87-8e42-f9dd7112ada5,,,968,0.996900826446281
dodh,119f9726-eb4c-5a0e-a7bb-9e15256149a1,/home/andy/Datasets/dodh/dodh/119f9726-eb4c-5a0e-a7bb-9e15256149a1.h5,/hypnogram,/home/andy/Projects/Noctis/out/pre_ingest_orderfix/dodh/119f9726-eb4c-5a0e-a7bb-9e15256149a1,,,932,1.0
dodh,14c012bd-65b0-56f5-bc74-2dffcea69837,/home/andy/Datasets/dodh/dodh/14c012bd-65b0-56f5-bc74-2dffcea69837.h5,/hypnogram,/home/andy/Projects/Noctis/out/pre_ingest_orderfix/dodh/14c012bd-65b0-56f5-bc74-2dffcea69837,,,969,1.0
dodh,18ede714-aba3-5ad8-bb1a-18fc9b1c4192,/home/andy/Datasets/dodh/dodh/18ede714-aba3-5ad8-bb1a-18fc9b1c4192.h5,/hypnogram,/home/andy/Projects/Noctis/out/pre_ingest_orderfix/dodh/18ede714-aba3-5ad8-bb1a-18fc9b1c4192,,,995,1.0
dodh,1da3544e-dc5c-5795-adc3-f5068959211f,/home/andy/Datasets/dodh/dodh/1da3544e-dc5c-5795-adc3-f5068959211f.h5,/hypnogram,/home/andy/Projects/Noctis/out/pre_ingest_orderfix/dodh/1da3544e-dc5c-5795-adc3-f5068959211f,,,955,1.0
dodh,1fa6c401-d819-50f5-8146-a0bb9e2b2516,/home/andy/Datasets/dodh/dodh/1fa6c401-d819-50f5-8146-a0bb9e2b2516.h5,/hypnogram,/home/andy/Projects/Noctis/out/pre_ingest_orderfix/dodh/1fa6c401-d819-50f5-8146-a0bb9e2b2516,,,986,1.0
dodh,25a6b2b0-4d09-561b-82c6-f09bb271d3be,/home/andy/Datasets/dodh/dodh/25a6b2b0-4d09-561b-82c6-f09bb271d3be.h5,/hypnogram,/home/andy/Projects/Noctis/out/pre_ingest_orderfix/dodh/25a6b2b0-4d09-561b-82c6-f09bb271d3be,,,1063,1.0
dodh,37d0da97-9ae8-5413-b889-4e843ff35488,/home/andy/Datasets/dodh/dodh/37d0da97-9ae8-5413-b889-4e843ff35488.h5,/hypnogram,/home/andy/Projects/Noctis/out/pre_ingest_orderfix/dodh/37d0da97-9ae8-5413-b889-4e843ff35488,,,1011,1.0
dodh,3e842aa8-bcd9-521e-93a2-72124233fe2c,/home/andy/Datasets/dodh/dodh/3e842aa8-bcd9-521e-93a2-72124233fe2c.h5,/hypnogram,/home/andy/Projects/Noctis/out/pre_ingest_orderfix/dodh/3e842aa8-bcd9-521e-93a2-72124233fe2c,,,620,1.0
dodh,5bf0f969-304c-581e-949c-50c108f62846,/home/andy/Datasets/dodh/dodh/5bf0f969-304c-581e-949c-50c108f62846.h5,/hypnogram,/home/andy/Projects/Noctis/out/pre_ingest_orderfix/dodh/5bf0f969-304c-581e-949c-50c108f62846,,,947,1.0
dodh,64959ac4-53b5-5868-a845-c7476e9fdf7b,/home/andy/Datasets/dodh/dodh/64959ac4-53b5-5868-a845-c7476e9fdf7b.h5,/hypnogram,/home/andy/Projects/Noctis/out/pre_ingest_orderfix/dodh/64959ac4-53b5-5868-a845-c7476e9fdf7b,,,990,1.0
dodh,67fa8e29-6f4d-530e-9422-bbc3aca86ed0,/home/andy/Datasets/dodh/dodh/67fa8e29-6f4d-530e-9422-bbc3aca86ed0.h5,/hypnogram,/home/andy/Projects/Noctis/out/pre_ingest_orderfix/dodh/67fa8e29-6f4d-530e-9422-bbc3aca86ed0,,,1046,1.0
dodh,769df255-2284-50b3-8917-2155c759fbbd,/home/andy/Datasets/dodh/dodh/769df255-2284-50b3-8917-2155c759fbbd.h5,/hypnogram,/home/andy/Projects/Noctis/out/pre_ingest_orderfix/dodh/769df255-2284-50b3-8917-2155c759fbbd,,,929,1.0
dodh,7ab8ff5f-a77f-567d-9882-f8bee0c3c9bf,/home/andy/Datasets/dodh/dodh/7ab8ff5f-a77f-567d-9882-f8bee0c3c9bf.h5,/hypnogram,/home/andy/Projects/Noctis/out/pre_ingest_orderfix/dodh/7ab8ff5f-a77f-567d-9882-f8bee0c3c9bf,,,989,1.0
dodh,7d778801-88e7-5086-ad1d-70f31a371876,/home/andy/Datasets/dodh/dodh/7d778801-88e7-5086-ad1d-70f31a371876.h5,/hypnogram,/home/andy/Projects/Noctis/out/pre_ingest_orderfix/dodh/7d778801-88e7-5086-ad1d-70f31a371876,,,999,1.0
dodh,844f68ba-265e-53e6-bf47-6c85d1804a7b,/home/andy/Datasets/dodh/dodh/844f68ba-265e-53e6-bf47-6c85d1804a7b.h5,/hypnogram,/home/andy/Projects/Noctis/out/pre_ingest_orderfix/dodh/844f68ba-265e-53e6-bf47-6c85d1804a7b,,,957,1.0
dodh,a25b2296-343b-53f6-8792-ada2669d466e,/home/andy/Datasets/dodh/dodh/a25b2296-343b-53f6-8792-ada2669d466e.h5,/hypnogram,/home/andy/Projects/Noctis/out/pre_ingest_orderfix/dodh/a25b2296-343b-53f6-8792-ada2669d466e,,,1008,1.0
dodh,a30245e3-4a71-565f-9636-92e7d2e825fc,/home/andy/Datasets/dodh/dodh/a30245e3-4a71-565f-9636-92e7d2e825fc.h5,/hypnogram,/home/andy/Projects/Noctis/out/pre_ingest_orderfix/dodh/a30245e3-4a71-565f-9636-92e7d2e825fc,,,1122,1.0
dodh,a4568951-bf87-5bbc-bc4f-28e93c360be6,/home/andy/Datasets/dodh/dodh/a4568951-bf87-5bbc-bc4f-28e93c360be6.h5,/hypnogram,/home/andy/Projects/Noctis/out/pre_ingest_orderfix/dodh/a4568951-bf87-5bbc-bc4f-28e93c360be6,,,975,1.0
dodh,aa160c78-6da3-5e05-8fc9-d6c13e9f97e0,/home/andy/Datasets/dodh/dodh/aa160c78-6da3-5e05-8fc9-d6c13e9f97e0.h5,/hypnogram,/home/andy/Projects/Noctis/out/pre_ingest_orderfix/dodh/aa160c78-6da3-5e05-8fc9-d6c13e9f97e0,,,1010,1.0
dodh,b5d5785d-87ee-5078-b9b9-aac6abd4d8de,/home/andy/Datasets/dodh/dodh/b5d5785d-87ee-5078-b9b9-aac6abd4d8de.h5,/hypnogram,/home/andy/Projects/Noctis/out/pre_ingest_orderfix/dodh/b5d5785d-87ee-5078-b9b9-aac6abd4d8de,,,918,1.0
dodh,bb474ab0-c2ce-573b-8acd-ef86b0fa26a2,/home/andy/Datasets/dodh/dodh/bb474ab0-c2ce-573b-8acd-ef86b0fa26a2.h5,/hypnogram,/home/andy/Projects/Noctis/out/pre_ingest_orderfix/dodh/bb474ab0-c2ce-573b-8acd-ef86b0fa26a2,,,1142,1.0
dodh,d3cadb78-cb8c-5a6e-885c-392e457c68b1,/home/andy/Datasets/dodh/dodh/d3cadb78-cb8c-5a6e-885c-392e457c68b1.h5,/hypnogram,/home/andy/Projects/Noctis/out/pre_ingest_orderfix/dodh/d3cadb78-cb8c-5a6e-885c-392e457c68b1,,,982,1.0
dodh,f2a69bdc-ed51-5e3f-b102-6b3f7d392be0,/home/andy/Datasets/dodh/dodh/f2a69bdc-ed51-5e3f-b102-6b3f7d392be0.h5,/hypnogram,/home/andy/Projects/Noctis/out/pre_ingest_orderfix/dodh/f2a69bdc-ed51-5e3f-b102-6b3f7d392be0,,,960,1.0
dodh,0d79f4b1-e74f-5e87-8e42-f9dd7112ada5,/home/andy/Datasets/dodh/single_test/0d79f4b1-e74f-5e87-8e42-f9dd7112ada5.h5,/hypnogram,/home/andy/Projects/Noctis/out/pre_ingest_orderfix/dodh/0d79f4b1-e74f-5e87-8e42-f9dd7112ada5,,,968,0.996900826446281
dodh,0d79f4b1-e74f-5e87-8e42-f9dd7112ada5,/home/andy/Datasets/dodh/validation_subset/0d79f4b1-e74f-5e87-8e42-f9dd7112ada5.h5,/hypnogram,/home/andy/Projects/Noctis/out/pre_ingest_orderfix/dodh/0d79f4b1-e74f-5e87-8e42-f9dd7112ada5,,,968,0.996900826446281
dodh,14c012bd-65b0-56f5-bc74-2dffcea69837,/home/andy/Datasets/dodh/validation_subset/14c012bd-65b0-56f5-bc74-2dffcea69837.h5,/hypnogram,/home/andy/Projects/Noctis/out/pre_ingest_orderfix/dodh/14c012bd-65b0-56f5-bc74-2dffcea69837,,,969,1.0
dodh,3e842aa8-bcd9-521e-93a2-72124233fe2c,/home/andy/Datasets/dodh/validation_subset/3e842aa8-bcd9-521e-93a2-72124233fe2c.h5,/hypnogram,/home/andy/Projects/Noctis/out/pre_ingest_orderfix/dodh/3e842aa8-bcd9-521e-93a2-72124233fe2c,,,620,1.0
dodh,7d778801-88e7-5086-ad1d-70f31a371876,/home/andy/Datasets/dodh/validation_subset/7d778801-88e7-5086-ad1d-70f31a371876.h5,/hypnogram,/home/andy/Projects/Noctis/out/pre_ingest_orderfix/dodh/7d778801-88e7-5086-ad1d-70f31a371876,,,999,1.0
dodh,b5d5785d-87ee-5078-b9b9-aac6abd4d8de,/home/andy/Datasets/dodh/validation_subset/b5d5785d-87ee-5078-b9b9-aac6abd4d8de.h5,/hypnogram,/home/andy/Projects/Noctis/out/pre_ingest_orderfix/dodh/b5d5785d-87ee-5078-b9b9-aac6abd4d8de,,,918,1.0
dodh,f2a69bdc-ed51-5e3f-b102-6b3f7d392be0,/home/andy/Datasets/dodh/validation_subset/f2a69bdc-ed51-5e3f-b102-6b3f7d392be0.h5,/hypnogram,/home/andy/Projects/Noctis/out/pre_ingest_orderfix/dodh/f2a69bdc-ed51-5e3f-b102-6b3f7d392be0,,,960,1.0
cap,brux1,/home/andy/Datasets/capslpdb-1.0.0/brux1.edf,/home/andy/Datasets/capslpdb-1.0.0/brux1.txt,,/home/andy/Projects/Noctis/out/pre_ingest_orderfix/cap/failures/brux1_a54824af28.failure.json,,0,0.0
cap,brux2,/home/andy/Datasets/capslpdb-1.0.0/brux2.edf,/home/andy/Datasets/capslpdb-1.0.0/brux2.txt,/home/andy/Projects/Noctis/out/pre_ingest_orderfix/cap/brux2,,,1037,0.9922854387656702
cap,ins1,/home/andy/Datasets/capslpdb-1.0.0/ins1.edf,/home/andy/Datasets/capslpdb-1.0.0/ins1.txt,/home/andy/Projects/Noctis/out/pre_ingest_orderfix/cap/ins1,,,916,0.9890829694323144
cap,ins2,/home/andy/Datasets/capslpdb-1.0.0/ins2.edf,/home/andy/Datasets/capslpdb-1.0.0/ins2.txt,/home/andy/Projects/Noctis/out/pre_ingest_orderfix/cap/ins2,,,1675,1.0
cap,ins3,/home/andy/Datasets/capslpdb-1.0.0/ins3.edf,/home/andy/Datasets/capslpdb-1.0.0/ins3.txt,/home/andy/Projects/Noctis/out/pre_ingest_orderfix/cap/ins3,,,867,0.9873125720876585
cap,ins4,/home/andy/Datasets/capslpdb-1.0.0/ins4.edf,/home/andy/Datasets/capslpdb-1.0.0/ins4.txt,/home/andy/Projects/Noctis/out/pre_ingest_orderfix/cap/ins4,,,733,0.9795361527967258
cap,ins5,/home/andy/Datasets/capslpdb-1.0.0/ins5.edf,/home/andy/Datasets/capslpdb-1.0.0/ins5.txt,/home/andy/Projects/Noctis/out/pre_ingest_orderfix/cap/ins5,,,1720,1.0
cap,ins6,/home/andy/Datasets/capslpdb-1.0.0/ins6.edf,/home/andy/Datasets/capslpdb-1.0.0/ins6.txt,/home/andy/Projects/Noctis/out/pre_ingest_orderfix/cap/ins6,,,1057,1.0
cap,ins7,/home/andy/Datasets/capslpdb-1.0.0/ins7.edf,/home/andy/Datasets/capslpdb-1.0.0/ins7.txt,/home/andy/Projects/Noctis/out/pre_ingest_orderfix/cap/ins7,,,1483,1.0
cap,ins8,/home/andy/Datasets/capslpdb-1.0.0/ins8.edf,/home/andy/Datasets/capslpdb-1.0.0/ins8.txt,/home/andy/Projects/Noctis/out/pre_ingest_orderfix/cap/ins8,,,840,0.9916666666666667
cap,ins9,/home/andy/Datasets/capslpdb-1.0.0/ins9.edf,/home/andy/Datasets/capslpdb-1.0.0/ins9.txt,/home/andy/Projects/Noctis/out/pre_ingest_orderfix/cap/ins9,,,1050,1.0
cap,n1,/home/andy/Datasets/capslpdb-1.0.0/n1.edf,/home/andy/Datasets/capslpdb-1.0.0/n1.txt,/home/andy/Projects/Noctis/out/pre_ingest_orderfix/cap/n1,,,1147,0.993897122929381
cap,n10,/home/andy/Datasets/capslpdb-1.0.0/n10.edf,/home/andy/Datasets/capslpdb-1.0.0/n10.txt,/home/andy/Projects/Noctis/out/pre_ingest_orderfix/cap/n10,,,860,0.9906976744186047
cap,n11,/home/andy/Datasets/capslpdb-1.0.0/n11.edf,/home/andy/Datasets/capslpdb-1.0.0/n11.txt,/home/andy/Projects/Noctis/out/pre_ingest_orderfix/cap/n11,,,1053,0.9981006647673314
cap,n12,/home/andy/Datasets/capslpdb-1.0.0/n12.edf,/home/andy/Datasets/capslpdb-1.0.0/n12.txt,/home/andy/Projects/Noctis/out/pre_ingest_orderfix/cap/n12,,,990,0.9939393939393939
cap,n13,/home/andy/Datasets/capslpdb-1.0.0/n13.edf,/home/andy/Datasets/capslpdb-1.0.0/n13.txt,/home/andy/Projects/Noctis/out/pre_ingest_orderfix/cap/n13,,,970,0.9814432989690721
cap,n14,/home/andy/Datasets/capslpdb-1.0.0/n14.edf,/home/andy/Datasets/capslpdb-1.0.0/n14.txt,/home/andy/Projects/Noctis/out/pre_ingest_orderfix/cap/n14,,,968,0.996900826446281
cap,n15,/home/andy/Datasets/capslpdb-1.0.0/n15.edf,/home/andy/Datasets/capslpdb-1.0.0/n15.txt,/home/andy/Projects/Noctis/out/pre_ingest_orderfix/cap/n15,,,977,0.9989764585465711
cap,n16,/home/andy/Datasets/capslpdb-1.0.0/n16.edf,/home/andy/Datasets/capslpdb-1.0.0/n16.txt,,/home/andy/Projects/Noctis/out/pre_ingest_orderfix/cap/failures/n16_a49234c68f.failure.json,,0,0.0
cap,n2,/home/andy/Datasets/capslpdb-1.0.0/n2.edf,/home/andy/Datasets/capslpdb-1.0.0/n2.txt,/home/andy/Projects/Noctis/out/pre_ingest_orderfix/cap/n2,,,1000,0.999
cap,n3,/home/andy/Datasets/capslpdb-1.0.0/n3.edf,/home/andy/Datasets/capslpdb-1.0.0/n3.txt,/home/andy/Projects/Noctis/out/pre_ingest_orderfix/cap/n3,,,1001,0.998001998001998
cap,n4,/home/andy/Datasets/capslpdb-1.0.0/n4.edf,/home/andy/Datasets/capslpdb-1.0.0/n4.txt,/home/andy/Projects/Noctis/out/pre_ingest_orderfix/cap/n4,,,1011,0.9683481701285855
cap,n5,/home/andy/Datasets/capslpdb-1.0.0/n5.edf,/home/andy/Datasets/capslpdb-1.0.0/n5.txt,/home/andy/Projects/Noctis/out/pre_ingest_orderfix/cap/n5,,,1008,0.9990079365079365
cap,n6,/home/andy/Datasets/capslpdb-1.0.0/n6.edf,/home/andy/Datasets/capslpdb-1.0.0/n6.txt,/home/andy/Projects/Noctis/out/pre_ingest_orderfix/cap/n6,,,1040,0.9903846153846154
cap,n7,/home/andy/Datasets/capslpdb-1.0.0/n7.edf,/home/andy/Datasets/capslpdb-1.0.0/n7.txt,/home/andy/Projects/Noctis/out/pre_ingest_orderfix/cap/n7,,,985,0.9878172588832488
cap,n8,/home/andy/Datasets/capslpdb-1.0.0/n8.edf,/home/andy/Datasets/capslpdb-1.0.0/n8.txt,/home/andy/Projects/Noctis/out/pre_ingest_orderfix/cap/n8,,,1001,0.991008991008991
cap,n9,/home/andy/Datasets/capslpdb-1.0.0/n9.edf,/home/andy/Datasets/capslpdb-1.0.0/n9.txt,/home/andy/Projects/Noctis/out/pre_ingest_orderfix/cap/n9,,,1028,0.9922178988326849
cap,narco1,/home/andy/Datasets/capslpdb-1.0.0/narco1.edf,/home/andy/Datasets/capslpdb-1.0.0/narco1.txt,/home/andy/Projects/Noctis/out/pre_ingest_orderfix/cap/narco1,,,1103,0.9927470534904805
cap,narco2,/home/andy/Datasets/capslpdb-1.0.0/narco2.edf,/home/andy/Datasets/capslpdb-1.0.0/narco2.txt,/home/andy/Projects/Noctis/out/pre_ingest_orderfix/cap/narco2,,,1149,1.0
cap,narco3,/home/andy/Datasets/capslpdb-1.0.0/narco3.edf,/home/andy/Datasets/capslpdb-1.0.0/narco3.txt,/home/andy/Projects/Noctis/out/pre_ingest_orderfix/cap/narco3,,,1536,0.9876302083333334
cap,narco4,/home/andy/Datasets/capslpdb-1.0.0/narco4.edf,/home/andy/Datasets/capslpdb-1.0.0/narco4.txt,/home/andy/Projects/Noctis/out/pre_ingest_orderfix/cap/narco4,,,1030,0.9864077669902913
cap,narco5,/home/andy/Datasets/capslpdb-1.0.0/narco5.edf,/home/andy/Datasets/capslpdb-1.0.0/narco5.txt,/home/andy/Projects/Noctis/out/pre_ingest_orderfix/cap/narco5,,,815,0.996319018404908
cap,nfle1,/home/andy/Datasets/capslpdb-1.0.0/nfle1.edf,/home/andy/Datasets/capslpdb-1.0.0/nfle1.txt,/home/andy/Projects/Noctis/out/pre_ingest_orderfix/cap/nfle1,,,964,0.9854771784232366
cap,nfle10,/home/andy/Datasets/capslpdb-1.0.0/nfle10.edf,/home/andy/Datasets/capslpdb-1.0.0/nfle10.txt,/home/andy/Projects/Noctis/out/pre_ingest_orderfix/cap/nfle10,,,951,0.9873817034700315
cap,nfle11,/home/andy/Datasets/capslpdb-1.0.0/nfle11.edf,/home/andy/Datasets/capslpdb-1.0.0/nfle11.txt,/home/andy/Projects/Noctis/out/pre_ingest_orderfix/cap/nfle11,,,1020,1.0
cap,nfle12,/home/andy/Datasets/capslpdb-1.0.0/nfle12.edf,/home/andy/Datasets/capslpdb-1.0.0/nfle12.txt,/home/andy/Projects/Noctis/out/pre_ingest_orderfix/cap/nfle12,,,1067,1.0
cap,nfle13,/home/andy/Datasets/capslpdb-1.0.0/nfle13.edf,/home/andy/Datasets/capslpdb-1.0.0/nfle13.txt,/home/andy/Projects/Noctis/out/pre_ingest_orderfix/cap/nfle13,,,982,0.9826883910386965
cap,nfle14,/home/andy/Datasets/capslpdb-1.0.0/nfle14.edf,/home/andy/Datasets/capslpdb-1.0.0/nfle14.txt,/home/andy/Projects/Noctis/out/pre_ingest_orderfix/cap/nfle14,,,930,0.9763440860215054
cap,nfle15,/home/andy/Datasets/capslpdb-1.0.0/nfle15.edf,/home/andy/Datasets/capslpdb-1.0.0/nfle15.txt,/home/andy/Projects/Noctis/out/pre_ingest_orderfix/cap/nfle15,,,1036,0.997104247104247
cap,nfle16,/home/andy/Datasets/capslpdb-1.0.0/nfle16.edf,/home/andy/Datasets/capslpdb-1.0.0/nfle16.txt,/home/andy/Projects/Noctis/out/pre_ingest_orderfix/cap/nfle16,,,1023,0.9931573802541545
cap,nfle17,/home/andy/Datasets/capslpdb-1.0.0/nfle17.edf,/home/andy/Datasets/capslpdb-1.0.0/nfle17.txt,/home/andy/Projects/Noctis/out/pre_ingest_orderfix/cap/nfle17,,,891,0.9775533108866442
cap,nfle18,/home/andy/Datasets/capslpdb-1.0.0/nfle18.edf,/home/andy/Datasets/capslpdb-1.0.0/nfle18.txt,/home/andy/Projects/Noctis/out/pre_ingest_orderfix/cap/nfle18,,,1069,0.9962581852198317
cap,nfle19,/home/andy/Datasets/capslpdb-1.0.0/nfle19.edf,/home/andy/Datasets/capslpdb-1.0.0/nfle19.txt,/home/andy/Projects/Noctis/out/pre_ingest_orderfix/cap/nfle19,,,909,0.9944994499449945
cap,nfle2,/home/andy/Datasets/capslpdb-1.0.0/nfle2.edf,/home/andy/Datasets/capslpdb-1.0.0/nfle2.txt,/home/andy/Projects/Noctis/out/pre_ingest_orderfix/cap/nfle2,,,978,0.9969325153374233
cap,nfle20,/home/andy/Datasets/capslpdb-1.0.0/nfle20.edf,/home/andy/Datasets/capslpdb-1.0.0/nfle20.txt,/home/andy/Projects/Noctis/out/pre_ingest_orderfix/cap/nfle20,,,953,0.9968520461699895
cap,nfle21,/home/andy/Datasets/capslpdb-1.0.0/nfle21.edf,/home/andy/Datasets/capslpdb-1.0.0/nfle21.txt,/home/andy/Projects/Noctis/out/pre_ingest_orderfix/cap/nfle21,,,1154,0.9783362218370883
cap,nfle22,/home/andy/Datasets/capslpdb-1.0.0/nfle22.edf,/home/andy/Datasets/capslpdb-1.0.0/nfle22.txt,/home/andy/Projects/Noctis/out/pre_ingest_orderfix/cap/nfle22,,,1093,0.9972552607502287
cap,nfle23,/home/andy/Datasets/capslpdb-1.0.0/nfle23.edf,/home/andy/Datasets/capslpdb-1.0.0/nfle23.txt,/home/andy/Projects/Noctis/out/pre_ingest_orderfix/cap/nfle23,,,962,0.9833679833679834
cap,nfle24,/home/andy/Datasets/capslpdb-1.0.0/nfle24.edf,/home/andy/Datasets/capslpdb-1.0.0/nfle24.txt,/home/andy/Projects/Noctis/out/pre_ingest_orderfix/cap/nfle24,,,869,1.0
cap,nfle25,/home/andy/Datasets/capslpdb-1.0.0/nfle25.edf,/home/andy/Datasets/capslpdb-1.0.0/nfle25.txt,,/home/andy/Projects/Noctis/out/pre_ingest_orderfix/cap/failures/nfle25_560fe9af3c.failure.json,,0,0.0
cap,nfle26,/home/andy/Datasets/capslpdb-1.0.0/nfle26.edf,/home/andy/Datasets/capslpdb-1.0.0/nfle26.txt,/home/andy/Projects/Noctis/out/pre_ingest_orderfix/cap/nfle26,,,975,0.9989743589743589
cap,nfle27,/home/andy/Datasets/capslpdb-1.0.0/nfle27.edf,/home/andy/Datasets/capslpdb-1.0.0/nfle27.txt,/home/andy/Projects/Noctis/out/pre_ingest_orderfix/cap/nfle27,,,812,0.8706896551724138
cap,nfle28,/home/andy/Datasets/capslpdb-1.0.0/nfle28.edf,/home/andy/Datasets/capslpdb-1.0.0/nfle28.txt,/home/andy/Projects/Noctis/out/pre_ingest_orderfix/cap/nfle28,,,1105,0.995475113122172
cap,nfle29,/home/andy/Datasets/capslpdb-1.0.0/nfle29.edf,/home/andy/Datasets/capslpdb-1.0.0/nfle29.txt,/home/andy/Projects/Noctis/out/pre_ingest_orderfix/cap/nfle29,,,891,0.9921436588103255
cap,nfle3,/home/andy/Datasets/capslpdb-1.0.0/nfle3.edf,/home/andy/Datasets/capslpdb-1.0.0/nfle3.txt,/home/andy/Projects/Noctis/out/pre_ingest_orderfix/cap/nfle3,,,1114,0.9847396768402155
cap,nfle30,/home/andy/Datasets/capslpdb-1.0.0/nfle30.edf,/home/andy/Datasets/capslpdb-1.0.0/nfle30.txt,/home/andy/Projects/Noctis/out/pre_ingest_orderfix/cap/nfle30,,,980,1.0
cap,nfle31,/home/andy/Datasets/capslpdb-1.0.0/nfle31.edf,/home/andy/Datasets/capslpdb-1.0.0/nfle31.txt,/home/andy/Projects/Noctis/out/pre_ingest_orderfix/cap/nfle31,,,895,0.994413407821229
cap,nfle32,/home/andy/Datasets/capslpdb-1.0.0/nfle32.edf,/home/andy/Datasets/capslpdb-1.0.0/nfle32.txt,/home/andy/Projects/Noctis/out/pre_ingest_orderfix/cap/nfle32,,,1085,0.9944700460829493
cap,nfle33,/home/andy/Datasets/capslpdb-1.0.0/nfle33.edf,/home/andy/Datasets/capslpdb-1.0.0/nfle33.txt,,/home/andy/Projects/Noctis/out/pre_ingest_orderfix/cap/failures/nfle33_49bf64d481.failure.json,,0,0.0
cap,nfle34,/home/andy/Datasets/capslpdb-1.0.0/nfle34.edf,/home/andy/Datasets/capslpdb-1.0.0/nfle34.txt,/home/andy/Projects/Noctis/out/pre_ingest_orderfix/cap/nfle34,,,1013,0.9891411648568608
cap,nfle35,/home/andy/Datasets/capslpdb-1.0.0/nfle35.edf,/home/andy/Datasets/capslpdb-1.0.0/nfle35.txt,/home/andy/Projects/Noctis/out/pre_ingest_orderfix/cap/nfle35,,,869,0.9919447640966629
cap,nfle36,/home/andy/Datasets/capslpdb-1.0.0/nfle36.edf,/home/andy/Datasets/capslpdb-1.0.0/nfle36.txt,/home/andy/Projects/Noctis/out/pre_ingest_orderfix/cap/nfle36,,,1000,0.995
cap,nfle37,/home/andy/Datasets/capslpdb-1.0.0/nfle37.edf,/home/andy/Datasets/capslpdb-1.0.0/nfle37.txt,/home/andy/Projects/Noctis/out/pre_ingest_orderfix/cap/nfle37,,,943,1.0
cap,nfle38,/home/andy/Datasets/capslpdb-1.0.0/nfle38.edf,/home/andy/Datasets/capslpdb-1.0.0/nfle38.txt,/home/andy/Projects/Noctis/out/pre_ingest_orderfix/cap/nfle38,,,892,0.9809417040358744
cap,nfle39,/home/andy/Datasets/capslpdb-1.0.0/nfle39.edf,/home/andy/Datasets/capslpdb-1.0.0/nfle39.txt,/home/andy/Projects/Noctis/out/pre_ingest_orderfix/cap/nfle39,,,1005,0.9930348258706467
cap,nfle4,/home/andy/Datasets/capslpdb-1.0.0/nfle4.edf,/home/andy/Datasets/capslpdb-1.0.0/nfle4.txt,/home/andy/Projects/Noctis/out/pre_ingest_orderfix/cap/nfle4,,,1120,0.9946428571428572
cap,nfle40,/home/andy/Datasets/capslpdb-1.0.0/nfle40.edf,/home/andy/Datasets/capslpdb-1.0.0/nfle40.txt,/home/andy/Projects/Noctis/out/pre_ingest_orderfix/cap/nfle40,,,1097,0.98359161349134
cap,nfle5,/home/andy/Datasets/capslpdb-1.0.0/nfle5.edf,/home/andy/Datasets/capslpdb-1.0.0/nfle5.txt,/home/andy/Projects/Noctis/out/pre_ingest_orderfix/cap/nfle5,,,1056,0.9962121212121212
cap,nfle6,/home/andy/Datasets/capslpdb-1.0.0/nfle6.edf,/home/andy/Datasets/capslpdb-1.0.0/nfle6.txt,/home/andy/Projects/Noctis/out/pre_ingest_orderfix/cap/nfle6,,,810,1.0
cap,nfle7,/home/andy/Datasets/capslpdb-1.0.0/nfle7.edf,/home/andy/Datasets/capslpdb-1.0.0/nfle7.txt,/home/andy/Projects/Noctis/out/pre_ingest_orderfix/cap/nfle7,,,1119,0.9857015192135835
cap,nfle8,/home/andy/Datasets/capslpdb-1.0.0/nfle8.edf,/home/andy/Datasets/capslpdb-1.0.0/nfle8.txt,/home/andy/Projects/Noctis/out/pre_ingest_orderfix/cap/nfle8,,,957,0.9895506792058516
cap,nfle9,/home/andy/Datasets/capslpdb-1.0.0/nfle9.edf,/home/andy/Datasets/capslpdb-1.0.0/nfle9.txt,/home/andy/Projects/Noctis/out/pre_ingest_orderfix/cap/nfle9,,,1119,0.9848078641644326
cap,plm1,/home/andy/Datasets/capslpdb-1.0.0/plm1.edf,/home/andy/Datasets/capslpdb-1.0.0/plm1.txt,/home/andy/Projects/Noctis/out/pre_ingest_orderfix/cap/plm1,,,1319,0.9977255496588324
cap,plm10,/home/andy/Datasets/capslpdb-1.0.0/plm10.edf,/home/andy/Datasets/capslpdb-1.0.0/plm10.txt,/home/andy/Projects/Noctis/out/pre_ingest_orderfix/cap/plm10,,,1003,1.0
cap,plm2,/home/andy/Datasets/capslpdb-1.0.0/plm2.edf,/home/andy/Datasets/capslpdb-1.0.0/plm2.txt,/home/andy/Projects/Noctis/out/pre_ingest_orderfix/cap/plm2,,,903,0.9988925802879292
cap,plm3,/home/andy/Datasets/capslpdb-1.0.0/plm3.edf,/home/andy/Datasets/capslpdb-1.0.0/plm3.txt,/home/andy/Projects/Noctis/out/pre_ingest_orderfix/cap/plm3,,,840,1.0
cap,plm4,/home/andy/Datasets/capslpdb-1.0.0/plm4.edf,/home/andy/Datasets/capslpdb-1.0.0/plm4.txt,/home/andy/Projects/Noctis/out/pre_ingest_orderfix/cap/plm4,,,859,0.9953434225844005
cap,plm5,/home/andy/Datasets/capslpdb-1.0.0/plm5.edf,/home/andy/Datasets/capslpdb-1.0.0/plm5.txt,/home/andy/Projects/Noctis/out/pre_ingest_orderfix/cap/plm5,,,825,0.9963636363636363
cap,plm6,/home/andy/Datasets/capslpdb-1.0.0/plm6.edf,/home/andy/Datasets/capslpdb-1.0.0/plm6.txt,/home/andy/Projects/Noctis/out/pre_ingest_orderfix/cap/plm6,,,659,1.0
cap,plm7,/home/andy/Datasets/capslpdb-1.0.0/plm7.edf,/home/andy/Datasets/capslpdb-1.0.0/plm7.txt,/home/andy/Projects/Noctis/out/pre_ingest_orderfix/cap/plm7,,,990,1.0
cap,plm8,/home/andy/Datasets/capslpdb-1.0.0/plm8.edf,/home/andy/Datasets/capslpdb-1.0.0/plm8.txt,/home/andy/Projects/Noctis/out/pre_ingest_orderfix/cap/plm8,,,735,0.9863945578231292
cap,plm9,/home/andy/Datasets/capslpdb-1.0.0/plm9.edf,/home/andy/Datasets/capslpdb-1.0.0/plm9.txt,/home/andy/Projects/Noctis/out/pre_ingest_orderfix/cap/plm9,,,1006,0.9940357852882704
cap,rbd1,/home/andy/Datasets/capslpdb-1.0.0/rbd1.edf,/home/andy/Datasets/capslpdb-1.0.0/rbd1.txt,/home/andy/Projects/Noctis/out/pre_ingest_orderfix/cap/rbd1,,,700,0.9885714285714285
cap,rbd10,/home/andy/Datasets/capslpdb-1.0.0/rbd10.edf,/home/andy/Datasets/capslpdb-1.0.0/rbd10.txt,/home/andy/Projects/Noctis/out/pre_ingest_orderfix/cap/rbd10,,,858,0.9895104895104895
cap,rbd11,/home/andy/Datasets/capslpdb-1.0.0/rbd11.edf,/home/andy/Datasets/capslpdb-1.0.0/rbd11.txt,/home/andy/Projects/Noctis/out/pre_ingest_orderfix/cap/rbd11,,,858,0.9883449883449883
cap,rbd12,/home/andy/Datasets/capslpdb-1.0.0/rbd12.edf,/home/andy/Datasets/capslpdb-1.0.0/rbd12.txt,/home/andy/Projects/Noctis/out/pre_ingest_orderfix/cap/rbd12,,,1067,0.9887535145267105
cap,rbd13,/home/andy/Datasets/capslpdb-1.0.0/rbd13.edf,/home/andy/Datasets/capslpdb-1.0.0/rbd13.txt,/home/andy/Projects/Noctis/out/pre_ingest_orderfix/cap/rbd13,,,1043,1.0
cap,rbd14,/home/andy/Datasets/capslpdb-1.0.0/rbd14.edf,/home/andy/Datasets/capslpdb-1.0.0/rbd14.txt,/home/andy/Projects/Noctis/out/pre_ingest_orderfix/cap/rbd14,,,1114,0.9955116696588869
cap,rbd15,/home/andy/Datasets/capslpdb-1.0.0/rbd15.edf,/home/andy/Datasets/capslpdb-1.0.0/rbd15.txt,/home/andy/Projects/Noctis/out/pre_ingest_orderfix/cap/rbd15,,,1002,0.9940119760479041
cap,rbd16,/home/andy/Datasets/capslpdb-1.0.0/rbd16.edf,/home/andy/Datasets/capslpdb-1.0.0/rbd16.txt,/home/andy/Projects/Noctis/out/pre_ingest_orderfix/cap/rbd16,,,1097,1.0
cap,rbd17,/home/andy/Datasets/capslpdb-1.0.0/rbd17.edf,/home/andy/Datasets/capslpdb-1.0.0/rbd17.txt,/home/andy/Projects/Noctis/out/pre_ingest_orderfix/cap/rbd17,,,1040,0.9971153846153846
cap,rbd18,/home/andy/Datasets/capslpdb-1.0.0/rbd18.edf,/home/andy/Datasets/capslpdb-1.0.0/rbd18.txt,/home/andy/Projects/Noctis/out/pre_ingest_orderfix/cap/rbd18,,,918,0.9978213507625272
cap,rbd19,/home/andy/Datasets/capslpdb-1.0.0/rbd19.edf,/home/andy/Datasets/capslpdb-1.0.0/rbd19.txt,/home/andy/Projects/Noctis/out/pre_ingest_orderfix/cap/rbd19,,,1009,0.9960356788899901
cap,rbd2,/home/andy/Datasets/capslpdb-1.0.0/rbd2.edf,/home/andy/Datasets/capslpdb-1.0.0/rbd2.txt,/home/andy/Projects/Noctis/out/pre_ingest_orderfix/cap/rbd2,,,1194,1.0
cap,rbd20,/home/andy/Datasets/capslpdb-1.0.0/rbd20.edf,/home/andy/Datasets/capslpdb-1.0.0/rbd20.txt,/home/andy/Projects/Noctis/out/pre_ingest_orderfix/cap/rbd20,,,967,1.0
cap,rbd21,/home/andy/Datasets/capslpdb-1.0.0/rbd21.edf,/home/andy/Datasets/capslpdb-1.0.0/rbd21.txt,/home/andy/Projects/Noctis/out/pre_ingest_orderfix/cap/rbd21,,,1011,0.9723046488625123
cap,rbd22,/home/andy/Datasets/capslpdb-1.0.0/rbd22.edf,/home/andy/Datasets/capslpdb-1.0.0/rbd22.txt,/home/andy/Projects/Noctis/out/pre_ingest_orderfix/cap/rbd22,,,1092,0.9935897435897436
cap,rbd3,/home/andy/Datasets/capslpdb-1.0.0/rbd3.edf,/home/andy/Datasets/capslpdb-1.0.0/rbd3.txt,/home/andy/Projects/Noctis/out/pre_ingest_orderfix/cap/rbd3,,,1210,1.0
cap,rbd4,/home/andy/Datasets/capslpdb-1.0.0/rbd4.edf,/home/andy/Datasets/capslpdb-1.0.0/rbd4.txt,/home/andy/Projects/Noctis/out/pre_ingest_orderfix/cap/rbd4,,,1352,0.9992603550295858
cap,rbd5,/home/andy/Datasets/capslpdb-1.0.0/rbd5.edf,/home/andy/Datasets/capslpdb-1.0.0/rbd5.txt,/home/andy/Projects/Noctis/out/pre_ingest_orderfix/cap/rbd5,,,1159,0.999137187230371
cap,rbd6,/home/andy/Datasets/capslpdb-1.0.0/rbd6.edf,/home/andy/Datasets/capslpdb-1.0.0/rbd6.txt,/home/andy/Projects/Noctis/out/pre_ingest_orderfix/cap/rbd6,,,715,1.0
cap,rbd7,/home/andy/Datasets/capslpdb-1.0.0/rbd7.edf,/home/andy/Datasets/capslpdb-1.0.0/rbd7.txt,/home/andy/Projects/Noctis/out/pre_ingest_orderfix/cap/rbd7,,,1047,1.0
cap,rbd8,/home/andy/Datasets/capslpdb-1.0.0/rbd8.edf,/home/andy/Datasets/capslpdb-1.0.0/rbd8.txt,/home/andy/Projects/Noctis/out/pre_ingest_orderfix/cap/rbd8,,,1064,0.9990601503759399
cap,rbd9,/home/andy/Datasets/capslpdb-1.0.0/rbd9.edf,/home/andy/Datasets/capslpdb-1.0.0/rbd9.txt,/home/andy/Projects/Noctis/out/pre_ingest_orderfix/cap/rbd9,,,1184,0.9983108108108109
cap,sdb1,/home/andy/Datasets/capslpdb-1.0.0/sdb1.edf,/home/andy/Datasets/capslpdb-1.0.0/sdb1.txt,/home/andy/Projects/Noctis/out/pre_ingest_orderfix/cap/sdb1,,,771,0.9922178988326849
cap,sdb2,/home/andy/Datasets/capslpdb-1.0.0/sdb2.edf,/home/andy/Datasets/capslpdb-1.0.0/sdb2.txt,/home/andy/Projects/Noctis/out/pre_ingest_orderfix/cap/sdb2,,,1016,0.9891732283464567
cap,sdb3,/home/andy/Datasets/capslpdb-1.0.0/sdb3.edf,/home/andy/Datasets/capslpdb-1.0.0/sdb3.txt,/home/andy/Projects/Noctis/out/pre_ingest_orderfix/cap/sdb3,,,793,1.0
cap,sdb4,/home/andy/Datasets/capslpdb-1.0.0/sdb4.edf,/home/andy/Datasets/capslpdb-1.0.0/sdb4.txt,/home/andy/Projects/Noctis/out/pre_ingest_orderfix/cap/sdb4,,,1095,0.9771689497716894
isruc,1,/home/andy/Datasets/isruc/raw/subgroupI/1/1.rec,/home/andy/Datasets/isruc/raw/subgroupI/1/1_1.txt,/home/andy/Projects/Noctis/out/pre_ingest_orderfix/isruc/1,,,880,1.0
isruc,10,/home/andy/Datasets/isruc/raw/subgroupI/10/10.rec,/home/andy/Datasets/isruc/raw/subgroupI/10/10_1.txt,/home/andy/Projects/Noctis/out/pre_ingest_orderfix/isruc/10,,,842,1.0
isruc,100,/home/andy/Datasets/isruc/raw/subgroupI/100/100.rec,/home/andy/Datasets/isruc/raw/subgroupI/100/100_1.txt,/home/andy/Projects/Noctis/out/pre_ingest_orderfix/isruc/100,,,861,1.0
isruc,11,/home/andy/Datasets/isruc/raw/subgroupI/11/11.rec,/home/andy/Datasets/isruc/raw/subgroupI/11/11_1.txt,/home/andy/Projects/Noctis/out/pre_ingest_orderfix/isruc/11,,,997,1.0
isruc,12,/home/andy/Datasets/isruc/raw/subgroupI/12/12.rec,/home/andy/Datasets/isruc/raw/subgroupI/12/12_1.txt,/home/andy/Projects/Noctis/out/pre_ingest_orderfix/isruc/12,,,850,1.0
isruc,13,/home/andy/Datasets/isruc/raw/subgroupI/13/13.rec,/home/andy/Datasets/isruc/raw/subgroupI/13/13_1.txt,/home/andy/Projects/Noctis/out/pre_ingest_orderfix/isruc/13,,,882,1.0
isruc,14,/home/andy/Datasets/isruc/raw/subgroupI/14/14.rec,/home/andy/Datasets/isruc/raw/subgroupI/14/14_1.txt,/home/andy/Projects/Noctis/out/pre_ingest_orderfix/isruc/14,,,906,0.0
isruc,15,/home/andy/Datasets/isruc/raw/subgroupI/15/15.rec,/home/andy/Datasets/isruc/raw/subgroupI/15/15_1.txt,/home/andy/Projects/Noctis/out/pre_ingest_orderfix/isruc/15,,,786,1.0
isruc,16,/home/andy/Datasets/isruc/raw/subgroupI/16/16.rec,/home/andy/Datasets/isruc/raw/subgroupI/16/16_1.txt,/home/andy/Projects/Noctis/out/pre_ingest_orderfix/isruc/16,,,883,1.0
isruc,17,/home/andy/Datasets/isruc/raw/subgroupI/17/17.rec,/home/andy/Datasets/isruc/raw/subgroupI/17/17_1.txt,/home/andy/Projects/Noctis/out/pre_ingest_orderfix/isruc/17,,,851,0.0
isruc,18,/home/andy/Datasets/isruc/raw/subgroupI/18/18.rec,/home/andy/Datasets/isruc/raw/subgroupI/18/18_1.txt,/home/andy/Projects/Noctis/out/pre_ingest_orderfix/isruc/18,,,999,1.0
isruc,19,/home/andy/Datasets/isruc/raw/subgroupI/19/19.rec,/home/andy/Datasets/isruc/raw/subgroupI/19/19_1.txt,/home/andy/Projects/Noctis/out/pre_ingest_orderfix/isruc/19,,,828,1.0
isruc,2,/home/andy/Datasets/isruc/raw/subgroupI/2/2.rec,/home/andy/Datasets/isruc/raw/subgroupI/2/2_1.txt,/home/andy/Projects/Noctis/out/pre_ingest_orderfix/isruc/2,,,964,1.0
isruc,20,/home/andy/Datasets/isruc/raw/subgroupI/20/20.rec,/home/andy/Datasets/isruc/raw/subgroupI/20/20_1.txt,/home/andy/Projects/Noctis/out/pre_ingest_orderfix/isruc/20,,,950,1.0
isruc,21,/home/andy/Datasets/isruc/raw/subgroupI/21/21.rec,/home/andy/Datasets/isruc/raw/subgroupI/21/21_1.txt,/home/andy/Projects/Noctis/out/pre_ingest_orderfix/isruc/21,,,1054,1.0
isruc,22,/home/andy/Datasets/isruc/raw/subgroupI/22/22.rec,/home/andy/Datasets/isruc/raw/subgroupI/22/22_1.txt,/home/andy/Projects/Noctis/out/pre_ingest_orderfix/isruc/22,,,849,1.0
isruc,23,/home/andy/Datasets/isruc/raw/subgroupI/23/23.rec,/home/andy/Datasets/isruc/raw/subgroupI/23/23_1.txt,/home/andy/Projects/Noctis/out/pre_ingest_orderfix/isruc/23,,,892,0.0
isruc,24,/home/andy/Datasets/isruc/raw/subgroupI/24/24.rec,/home/andy/Datasets/isruc/raw/subgroupI/24/24_1.txt,/home/andy/Projects/Noctis/out/pre_ingest_orderfix/isruc/24,,,830,1.0
isruc,25,/home/andy/Datasets/isruc/raw/subgroupI/25/25.rec,/home/andy/Datasets/isruc/raw/subgroupI/25/25_1.txt,/home/andy/Projects/Noctis/out/pre_ingest_orderfix/isruc/25,,,921,0.0
isruc,26,/home/andy/Datasets/isruc/raw/subgroupI/26/26.rec,/home/andy/Datasets/isruc/raw/subgroupI/26/26_1.txt,/home/andy/Projects/Noctis/out/pre_ingest_orderfix/isruc/26,,,1062,1.0
isruc,27,/home/andy/Datasets/isruc/raw/subgroupI/27/27.rec,/home/andy/Datasets/isruc/raw/subgroupI/27/27_1.txt,/home/andy/Projects/Noctis/out/pre_ingest_orderfix/isruc/27,,,918,1.0
isruc,28,/home/andy/Datasets/isruc/raw/subgroupI/28/28.rec,/home/andy/Datasets/isruc/raw/subgroupI/28/28_1.txt,/home/andy/Projects/Noctis/out/pre_ingest_orderfix/isruc/28,,,882,1.0
isruc,29,/home/andy/Datasets/isruc/raw/subgroupI/29/29.rec,/home/andy/Datasets/isruc/raw/subgroupI/29/29_1.txt,/home/andy/Projects/Noctis/out/pre_ingest_orderfix/isruc/29,,,912,1.0
isruc,3,/home/andy/Datasets/isruc/raw/subgroupI/3/3.rec,/home/andy/Datasets/isruc/raw/subgroupI/3/3_1.txt,/home/andy/Projects/Noctis/out/pre_ingest_orderfix/isruc/3,,,943,1.0
isruc,30,/home/andy/Datasets/isruc/raw/subgroupI/30/30.rec,/home/andy/Datasets/isruc/raw/subgroupI/30/30_1.txt,/home/andy/Projects/Noctis/out/pre_ingest_orderfix/isruc/30,,,882,0.0
isruc,31,/home/andy/Datasets/isruc/raw/subgroupI/31/31.rec,/home/andy/Datasets/isruc/raw/subgroupI/31/31_1.txt,/home/andy/Projects/Noctis/out/pre_ingest_orderfix/isruc/31,,,877,0.0
isruc,32,/home/andy/Datasets/isruc/raw/subgroupI/32/32.rec,/home/andy/Datasets/isruc/raw/subgroupI/32/32_1.txt,/home/andy/Projects/Noctis/out/pre_ingest_orderfix/isruc/32,,,1010,0.0
isruc,33,/home/andy/Datasets/isruc/raw/subgroupI/33/33.rec,/home/andy/Datasets/isruc/raw/subgroupI/33/33_1.txt,/home/andy/Projects/Noctis/out/pre_ingest_orderfix/isruc/33,,,920,0.0
isruc,34,/home/andy/Datasets/isruc/raw/subgroupI/34/34.rec,/home/andy/Datasets/isruc/raw/subgroupI/34/34_1.txt,/home/andy/Projects/Noctis/out/pre_ingest_orderfix/isruc/34,,,871,0.0
isruc,35,/home/andy/Datasets/isruc/raw/subgroupI/35/35.rec,/home/andy/Datasets/isruc/raw/subgroupI/35/35_1.txt,/home/andy/Projects/Noctis/out/pre_ingest_orderfix/isruc/35,,,788,1.0
isruc,36,/home/andy/Datasets/isruc/raw/subgroupI/36/36.rec,/home/andy/Datasets/isruc/raw/subgroupI/36/36_1.txt,/home/andy/Projects/Noctis/out/pre_ingest_orderfix/isruc/36,,,987,1.0
isruc,37,/home/andy/Datasets/isruc/raw/subgroupI/37/37.rec,/home/andy/Datasets/isruc/raw/subgroupI/37/37_1.txt,/home/andy/Projects/Noctis/out/pre_ingest_orderfix/isruc/37,,,806,0.0
isruc,38,/home/andy/Datasets/isruc/raw/subgroupI/38/38.rec,/home/andy/Datasets/isruc/raw/subgroupI/38/38_1.txt,/home/andy/Projects/Noctis/out/pre_ingest_orderfix/isruc/38,,,932,0.0
isruc,39,/home/andy/Datasets/isruc/raw/subgroupI/39/39.rec,/home/andy/Datasets/isruc/raw/subgroupI/39/39_1.txt,/home/andy/Projects/Noctis/out/pre_ingest_orderfix/isruc/39,,,900,1.0
isruc,4,/home/andy/Datasets/isruc/raw/subgroupI/4/4.rec,/home/andy/Datasets/isruc/raw/subgroupI/4/4_1.txt,/home/andy/Projects/Noctis/out/pre_ingest_orderfix/isruc/4,,,963,1.0
isruc,40,/home/andy/Datasets/isruc/raw/subgroupI/40/40.rec,/home/andy/Datasets/isruc/raw/subgroupI/40/40_1.txt,/home/andy/Projects/Noctis/out/pre_ingest_orderfix/isruc/40,,,875,1.0
isruc,41,/home/andy/Datasets/isruc/raw/subgroupI/41/41.rec,/home/andy/Datasets/isruc/raw/subgroupI/41/41_1.txt,/home/andy/Projects/Noctis/out/pre_ingest_orderfix/isruc/41,,,974,0.0
isruc,42,/home/andy/Datasets/isruc/raw/subgroupI/42/42.rec,/home/andy/Datasets/isruc/raw/subgroupI/42/42_1.txt,/home/andy/Projects/Noctis/out/pre_ingest_orderfix/isruc/42,,,812,1.0
isruc,43,/home/andy/Datasets/isruc/raw/subgroupI/43/43.rec,/home/andy/Datasets/isruc/raw/subgroupI/43/43_1.txt,/home/andy/Projects/Noctis/out/pre_ingest_orderfix/isruc/43,,,747,0.0
isruc,44,/home/andy/Datasets/isruc/raw/subgroupI/44/44.rec,/home/andy/Datasets/isruc/raw/subgroupI/44/44_1.txt,/home/andy/Projects/Noctis/out/pre_ingest_orderfix/isruc/44,,,932,1.0
isruc,45,/home/andy/Datasets/isruc/raw/subgroupI/45/45.rec,/home/andy/Datasets/isruc/raw/subgroupI/45/45_1.txt,/home/andy/Projects/Noctis/out/pre_ingest_orderfix/isruc/45,,,906,1.0
isruc,46,/home/andy/Datasets/isruc/raw/subgroupI/46/46.rec,/home/andy/Datasets/isruc/raw/subgroupI/46/46_1.txt,/home/andy/Projects/Noctis/out/pre_ingest_orderfix/isruc/46,,,863,1.0
isruc,47,/home/andy/Datasets/isruc/raw/subgroupI/47/47.rec,/home/andy/Datasets/isruc/raw/subgroupI/47/47_1.txt,/home/andy/Projects/Noctis/out/pre_ingest_orderfix/isruc/47,,,838,1.0
isruc,48,/home/andy/Datasets/isruc/raw/subgroupI/48/48.rec,/home/andy/Datasets/isruc/raw/subgroupI/48/48_1.txt,/home/andy/Projects/Noctis/out/pre_ingest_orderfix/isruc/48,,,981,0.0
isruc,49,/home/andy/Datasets/isruc/raw/subgroupI/49/49.rec,/home/andy/Datasets/isruc/raw/subgroupI/49/49_1.txt,/home/andy/Projects/Noctis/out/pre_ingest_orderfix/isruc/49,,,793,1.0
isruc,5,/home/andy/Datasets/isruc/raw/subgroupI/5/5.rec,/home/andy/Datasets/isruc/raw/subgroupI/5/5_1.txt,/home/andy/Projects/Noctis/out/pre_ingest_orderfix/isruc/5,,,875,1.0
isruc,50,/home/andy/Datasets/isruc/raw/subgroupI/50/50.rec,/home/andy/Datasets/isruc/raw/subgroupI/50/50_1.txt,/home/andy/Projects/Noctis/out/pre_ingest_orderfix/isruc/50,,,905,1.0
isruc,51,/home/andy/Datasets/isruc/raw/subgroupI/51/51.rec,/home/andy/Datasets/isruc/raw/subgroupI/51/51_1.txt,/home/andy/Projects/Noctis/out/pre_ingest_orderfix/isruc/51,,,856,1.0
isruc,52,/home/andy/Datasets/isruc/raw/subgroupI/52/52.rec,/home/andy/Datasets/isruc/raw/subgroupI/52/52_1.txt,/home/andy/Projects/Noctis/out/pre_ingest_orderfix/isruc/52,,,912,1.0
isruc,53,/home/andy/Datasets/isruc/raw/subgroupI/53/53.rec,/home/andy/Datasets/isruc/raw/subgroupI/53/53_1.txt,/home/andy/Projects/Noctis/out/pre_ingest_orderfix/isruc/53,,,910,0.0
isruc,54,/home/andy/Datasets/isruc/raw/subgroupI/54/54.rec,/home/andy/Datasets/isruc/raw/subgroupI/54/54_1.txt,/home/andy/Projects/Noctis/out/pre_ingest_orderfix/isruc/54,,,814,1.0
isruc,55,/home/andy/Datasets/isruc/raw/subgroupI/55/55.rec,/home/andy/Datasets/isruc/raw/subgroupI/55/55_1.txt,/home/andy/Projects/Noctis/out/pre_ingest_orderfix/isruc/55,,,879,0.0
isruc,56,/home/andy/Datasets/isruc/raw/subgroupI/56/56.rec,/home/andy/Datasets/isruc/raw/subgroupI/56/56_1.txt,/home/andy/Projects/Noctis/out/pre_ingest_orderfix/isruc/56,,,956,1.0
isruc,57,/home/andy/Datasets/isruc/raw/subgroupI/57/57.rec,/home/andy/Datasets/isruc/raw/subgroupI/57/57_1.txt,/home/andy/Projects/Noctis/out/pre_ingest_orderfix/isruc/57,,,1007,1.0
isruc,58,/home/andy/Datasets/isruc/raw/subgroupI/58/58.rec,/home/andy/Datasets/isruc/raw/subgroupI/58/58_1.txt,/home/andy/Projects/Noctis/out/pre_ingest_orderfix/isruc/58,,,965,0.0
isruc,59,/home/andy/Datasets/isruc/raw/subgroupI/59/59.rec,/home/andy/Datasets/isruc/raw/subgroupI/59/59_1.txt,/home/andy/Projects/Noctis/out/pre_ingest_orderfix/isruc/59,,,942,1.0
isruc,6,/home/andy/Datasets/isruc/raw/subgroupI/6/6.rec,/home/andy/Datasets/isruc/raw/subgroupI/6/6_1.txt,/home/andy/Projects/Noctis/out/pre_ingest_orderfix/isruc/6,,,897,1.0
isruc,60,/home/andy/Datasets/isruc/raw/subgroupI/60/60.rec,/home/andy/Datasets/isruc/raw/subgroupI/60/60_1.txt,/home/andy/Projects/Noctis/out/pre_ingest_orderfix/isruc/60,,,916,1.0
isruc,61,/home/andy/Datasets/isruc/raw/subgroupI/61/61.rec,/home/andy/Datasets/isruc/raw/subgroupI/61/61_1.txt,/home/andy/Projects/Noctis/out/pre_ingest_orderfix/isruc/61,,,852,1.0
isruc,62,/home/andy/Datasets/isruc/raw/subgroupI/62/62.rec,/home/andy/Datasets/isruc/raw/subgroupI/62/62_1.txt,/home/andy/Projects/Noctis/out/pre_ingest_orderfix/isruc/62,,,864,1.0
isruc,63,/home/andy/Datasets/isruc/raw/subgroupI/63/63.rec,/home/andy/Datasets/isruc/raw/subgroupI/63/63_1.txt,/home/andy/Projects/Noctis/out/pre_ingest_orderfix/isruc/63,,,954,0.0
isruc,64,/home/andy/Datasets/isruc/raw/subgroupI/64/64.rec,/home/andy/Datasets/isruc/raw/subgroupI/64/64_1.txt,/home/andy/Projects/Noctis/out/pre_ingest_orderfix/isruc/64,,,892,1.0
isruc,65,/home/andy/Datasets/isruc/raw/subgroupI/65/65.rec,/home/andy/Datasets/isruc/raw/subgroupI/65/65_1.txt,/home/andy/Projects/Noctis/out/pre_ingest_orderfix/isruc/65,,,1014,0.0
isruc,66,/home/andy/Datasets/isruc/raw/subgroupI/66/66.rec,/home/andy/Datasets/isruc/raw/subgroupI/66/66_1.txt,/home/andy/Projects/Noctis/out/pre_ingest_orderfix/isruc/66,,,845,1.0
isruc,67,/home/andy/Datasets/isruc/raw/subgroupI/67/67.rec,/home/andy/Datasets/isruc/raw/subgroupI/67/67_1.txt,/home/andy/Projects/Noctis/out/pre_ingest_orderfix/isruc/67,,,862,1.0
isruc,68,/home/andy/Datasets/isruc/raw/subgroupI/68/68.rec,/home/andy/Datasets/isruc/raw/subgroupI/68/68_1.txt,/home/andy/Projects/Noctis/out/pre_ingest_orderfix/isruc/68,,,956,1.0
isruc,69,/home/andy/Datasets/isruc/raw/subgroupI/69/69.rec,/home/andy/Datasets/isruc/raw/subgroupI/69/69_1.txt,/home/andy/Projects/Noctis/out/pre_ingest_orderfix/isruc/69,,,815,1.0
isruc,7,/home/andy/Datasets/isruc/raw/subgroupI/7/7.rec,/home/andy/Datasets/isruc/raw/subgroupI/7/7_1.txt,/home/andy/Projects/Noctis/out/pre_ingest_orderfix/isruc/7,,,933,1.0
isruc,70,/home/andy/Datasets/isruc/raw/subgroupI/70/70.rec,/home/andy/Datasets/isruc/raw/subgroupI/70/70_1.txt,/home/andy/Projects/Noctis/out/pre_ingest_orderfix/isruc/70,,,893,1.0
isruc,71,/home/andy/Datasets/isruc/raw/subgroupI/71/71.rec,/home/andy/Datasets/isruc/raw/subgroupI/71/71_1.txt,/home/andy/Projects/Noctis/out/pre_ingest_orderfix/isruc/71,,,829,1.0
isruc,72,/home/andy/Datasets/isruc/raw/subgroupI/72/72.rec,/home/andy/Datasets/isruc/raw/subgroupI/72/72_1.txt,/home/andy/Projects/Noctis/out/pre_ingest_orderfix/isruc/72,,,872,0.0
isruc,73,/home/andy/Datasets/isruc/raw/subgroupI/73/73.rec,/home/andy/Datasets/isruc/raw/subgroupI/73/73_1.txt,/home/andy/Projects/Noctis/out/pre_ingest_orderfix/isruc/73,,,997,1.0
isruc,74,/home/andy/Datasets/isruc/raw/subgroupI/74/74.rec,/home/andy/Datasets/isruc/raw/subgroupI/74/74_1.txt,/home/andy/Projects/Noctis/out/pre_ingest_orderfix/isruc/74,,,897,1.0
isruc,75,/home/andy/Datasets/isruc/raw/subgroupI/75/75.rec,/home/andy/Datasets/isruc/raw/subgroupI/75/75_1.txt,/home/andy/Projects/Noctis/out/pre_ingest_orderfix/isruc/75,,,898,0.0
isruc,76,/home/andy/Datasets/isruc/raw/subgroupI/76/76.rec,/home/andy/Datasets/isruc/raw/subgroupI/76/76_1.txt,/home/andy/Projects/Noctis/out/pre_ingest_orderfix/isruc/76,,,850,1.0
isruc,77,/home/andy/Datasets/isruc/raw/subgroupI/77/77.rec,/home/andy/Datasets/isruc/raw/subgroupI/77/77_1.txt,/home/andy/Projects/Noctis/out/pre_ingest_orderfix/isruc/77,,,805,1.0
isruc,78,/home/andy/Datasets/isruc/raw/subgroupI/78/78.rec,/home/andy/Datasets/isruc/raw/subgroupI/78/78_1.txt,/home/andy/Projects/Noctis/out/pre_ingest_orderfix/isruc/78,,,894,0.0
isruc,79,/home/andy/Datasets/isruc/raw/subgroupI/79/79.rec,/home/andy/Datasets/isruc/raw/subgroupI/79/79_1.txt,/home/andy/Projects/Noctis/out/pre_ingest_orderfix/isruc/79,,,880,1.0
isruc,8,/home/andy/Datasets/isruc/raw/subgroupI/8/8.rec,/home/andy/Datasets/isruc/raw/subgroupI/8/8_1.txt,/home/andy/Projects/Noctis/out/pre_ingest_orderfix/isruc/8,,,904,1.0
isruc,80,/home/andy/Datasets/isruc/raw/subgroupI/80/80.rec,/home/andy/Datasets/isruc/raw/subgroupI/80/80_1.txt,/home/andy/Projects/Noctis/out/pre_ingest_orderfix/isruc/80,,,889,0.0
isruc,81,/home/andy/Datasets/isruc/raw/subgroupI/81/81.rec,/home/andy/Datasets/isruc/raw/subgroupI/81/81_1.txt,/home/andy/Projects/Noctis/out/pre_ingest_orderfix/isruc/81,,,911,1.0
isruc,82,/home/andy/Datasets/isruc/raw/subgroupI/82/82.rec,/home/andy/Datasets/isruc/raw/subgroupI/82/82_1.txt,/home/andy/Projects/Noctis/out/pre_ingest_orderfix/isruc/82,,,882,0.0
isruc,83,/home/andy/Datasets/isruc/raw/subgroupI/83/83.rec,/home/andy/Datasets/isruc/raw/subgroupI/83/83_1.txt,/home/andy/Projects/Noctis/out/pre_ingest_orderfix/isruc/83,,,925,0.0
isruc,84,/home/andy/Datasets/isruc/raw/subgroupI/84/84.rec,/home/andy/Datasets/isruc/raw/subgroupI/84/84_1.txt,/home/andy/Projects/Noctis/out/pre_ingest_orderfix/isruc/84,,,963,1.0
isruc,85,/home/andy/Datasets/isruc/raw/subgroupI/85/85.rec,/home/andy/Datasets/isruc/raw/subgroupI/85/85_1.txt,/home/andy/Projects/Noctis/out/pre_ingest_orderfix/isruc/85,,,896,0.0
isruc,86,/home/andy/Datasets/isruc/raw/subgroupI/86/86.rec,/home/andy/Datasets/isruc/raw/subgroupI/86/86_1.txt,/home/andy/Projects/Noctis/out/pre_ingest_orderfix/isruc/86,,,964,0.0
isruc,87,/home/andy/Datasets/isruc/raw/subgroupI/87/87.rec,/home/andy/Datasets/isruc/raw/subgroupI/87/87_1.txt,/home/andy/Projects/Noctis/out/pre_ingest_orderfix/isruc/87,,,926,0.0
isruc,88,/home/andy/Datasets/isruc/raw/subgroupI/88/88.rec,/home/andy/Datasets/isruc/raw/subgroupI/88/88_1.txt,/home/andy/Projects/Noctis/out/pre_ingest_orderfix/isruc/88,,,1002,0.0
isruc,89,/home/andy/Datasets/isruc/raw/subgroupI/89/89.rec,/home/andy/Datasets/isruc/raw/subgroupI/89/89_1.txt,/home/andy/Projects/Noctis/out/pre_ingest_orderfix/isruc/89,,,1036,1.0
isruc,9,/home/andy/Datasets/isruc/raw/subgroupI/9/9.rec,/home/andy/Datasets/isruc/raw/subgroupI/9/9_1.txt,/home/andy/Projects/Noctis/out/pre_ingest_orderfix/isruc/9,,,969,1.0
isruc,90,/home/andy/Datasets/isruc/raw/subgroupI/90/90.rec,/home/andy/Datasets/isruc/raw/subgroupI/90/90_1.txt,/home/andy/Projects/Noctis/out/pre_ingest_orderfix/isruc/90,,,933,1.0
isruc,91,/home/andy/Datasets/isruc/raw/subgroupI/91/91.rec,/home/andy/Datasets/isruc/raw/subgroupI/91/91_1.txt,/home/andy/Projects/Noctis/out/pre_ingest_orderfix/isruc/91,,,990,0.0
isruc,92,/home/andy/Datasets/isruc/raw/subgroupI/92/92.rec,/home/andy/Datasets/isruc/raw/subgroupI/92/92_1.txt,/home/andy/Projects/Noctis/out/pre_ingest_orderfix/isruc/92,,,877,0.0
isruc,93,/home/andy/Datasets/isruc/raw/subgroupI/93/93.rec,/home/andy/Datasets/isruc/raw/subgroupI/93/93_1.txt,/home/andy/Projects/Noctis/out/pre_ingest_orderfix/isruc/93,,,870,1.0
isruc,94,/home/andy/Datasets/isruc/raw/subgroupI/94/94.rec,/home/andy/Datasets/isruc/raw/subgroupI/94/94_1.txt,/home/andy/Projects/Noctis/out/pre_ingest_orderfix/isruc/94,,,846,1.0
isruc,95,/home/andy/Datasets/isruc/raw/subgroupI/95/95.rec,/home/andy/Datasets/isruc/raw/subgroupI/95/95_1.txt,/home/andy/Projects/Noctis/out/pre_ingest_orderfix/isruc/95,,,865,1.0
isruc,96,/home/andy/Datasets/isruc/raw/subgroupI/96/96.rec,/home/andy/Datasets/isruc/raw/subgroupI/96/96_1.txt,/home/andy/Projects/Noctis/out/pre_ingest_orderfix/isruc/96,,,858,1.0
isruc,97,/home/andy/Datasets/isruc/raw/subgroupI/97/97.rec,/home/andy/Datasets/isruc/raw/subgroupI/97/97_1.txt,/home/andy/Projects/Noctis/out/pre_ingest_orderfix/isruc/97,,,912,0.0
isruc,98,/home/andy/Datasets/isruc/raw/subgroupI/98/98.rec,/home/andy/Datasets/isruc/raw/subgroupI/98/98_1.txt,/home/andy/Projects/Noctis/out/pre_ingest_orderfix/isruc/98,,,899,1.0
isruc,99,/home/andy/Datasets/isruc/raw/subgroupI/99/99.rec,/home/andy/Datasets/isruc/raw/subgroupI/99/99_1.txt,/home/andy/Projects/Noctis/out/pre_ingest_orderfix/isruc/99,,,835,1.0
isruc,1,/home/andy/Datasets/isruc/raw/subgroupII/1/1/1.rec,/home/andy/Datasets/isruc/raw/subgroupII/1/1/1_1.txt,/home/andy/Projects/Noctis/out/pre_ingest_orderfix/isruc/1,,,933,1.0
isruc,2,/home/andy/Datasets/isruc/raw/subgroupII/1/2/2.rec,/home/andy/Datasets/isruc/raw/subgroupII/1/2/2_1.txt,/home/andy/Projects/Noctis/out/pre_ingest_orderfix/isruc/2,,,787,1.0
isruc,1,/home/andy/Datasets/isruc/raw/subgroupII/2/1/1.rec,/home/andy/Datasets/isruc/raw/subgroupII/2/1/1_1.txt,/home/andy/Projects/Noctis/out/pre_ingest_orderfix/isruc/1,,,851,0.0
isruc,2,/home/andy/Datasets/isruc/raw/subgroupII/2/2/2.rec,/home/andy/Datasets/isruc/raw/subgroupII/2/2/2_1.txt,/home/andy/Projects/Noctis/out/pre_ingest_orderfix/isruc/2,,,869,0.0
isruc,1,/home/andy/Datasets/isruc/raw/subgroupII/3/1/1.rec,/home/andy/Datasets/isruc/raw/subgroupII/3/1/1_1.txt,/home/andy/Projects/Noctis/out/pre_ingest_orderfix/isruc/1,,,871,0.0
isruc,2,/home/andy/Datasets/isruc/raw/subgroupII/3/2/2.rec,/home/andy/Datasets/isruc/raw/subgroupII/3/2/2_1.txt,/home/andy/Projects/Noctis/out/pre_ingest_orderfix/isruc/2,,,813,0.0
isruc,1,/home/andy/Datasets/isruc/raw/subgroupII/4/1/1.rec,/home/andy/Datasets/isruc/raw/subgroupII/4/1/1_1.txt,/home/andy/Projects/Noctis/out/pre_ingest_orderfix/isruc/1,,,932,0.0
isruc,2,/home/andy/Datasets/isruc/raw/subgroupII/4/2/2.rec,/home/andy/Datasets/isruc/raw/subgroupII/4/2/2_1.txt,/home/andy/Projects/Noctis/out/pre_ingest_orderfix/isruc/2,,,899,1.0
isruc,1,/home/andy/Datasets/isruc/raw/subgroupII/5/1/1.rec,/home/andy/Datasets/isruc/raw/subgroupII/5/1/1_1.txt,/home/andy/Projects/Noctis/out/pre_ingest_orderfix/isruc/1,,,815,1.0
isruc,2,/home/andy/Datasets/isruc/raw/subgroupII/5/2/2.rec,/home/andy/Datasets/isruc/raw/subgroupII/5/2/2_1.txt,/home/andy/Projects/Noctis/out/pre_ingest_orderfix/isruc/2,,,879,0.0
isruc,1,/home/andy/Datasets/isruc/raw/subgroupII/6/1/1.rec,/home/andy/Datasets/isruc/raw/subgroupII/6/1/1_1.txt,/home/andy/Projects/Noctis/out/pre_ingest_orderfix/isruc/1,,,965,0.0
isruc,2,/home/andy/Datasets/isruc/raw/subgroupII/6/2/2.rec,/home/andy/Datasets/isruc/raw/subgroupII/6/2/2_1.txt,/home/andy/Projects/Noctis/out/pre_ingest_orderfix/isruc/2,,,1014,0.0
isruc,1,/home/andy/Datasets/isruc/raw/subgroupII/7/1/1.rec,/home/andy/Datasets/isruc/raw/subgroupII/7/1/1_1.txt,/home/andy/Projects/Noctis/out/pre_ingest_orderfix/isruc/1,,,942,1.0
isruc,2,/home/andy/Datasets/isruc/raw/subgroupII/7/2/2.rec,/home/andy/Datasets/isruc/raw/subgroupII/7/2/2_1.txt,/home/andy/Projects/Noctis/out/pre_ingest_orderfix/isruc/2,,,899,0.0
isruc,1,/home/andy/Datasets/isruc/raw/subgroupII/8/1/1.rec,/home/andy/Datasets/isruc/raw/subgroupII/8/1/1_1.txt,/home/andy/Projects/Noctis/out/pre_ingest_orderfix/isruc/1,,,815,1.0
isruc,2,/home/andy/Datasets/isruc/raw/subgroupII/8/2/2.rec,/home/andy/Datasets/isruc/raw/subgroupII/8/2/2_1.txt,/home/andy/Projects/Noctis/out/pre_ingest_orderfix/isruc/2,,,923,1.0
isruc,1,/home/andy/Datasets/isruc/raw/subgroupIII/1/1.rec,/home/andy/Datasets/isruc/raw/subgroupIII/1/1_1.txt,/home/andy/Projects/Noctis/out/pre_ingest_orderfix/isruc/1,,,954,1.0
isruc,10,/home/andy/Datasets/isruc/raw/subgroupIII/10/10.rec,/home/andy/Datasets/isruc/raw/subgroupIII/10/10_1.txt,/home/andy/Projects/Noctis/out/pre_ingest_orderfix/isruc/10,,,796,1.0
isruc,2,/home/andy/Datasets/isruc/raw/subgroupIII/2/2.rec,/home/andy/Datasets/isruc/raw/subgroupIII/2/2_1.txt,/home/andy/Projects/Noctis/out/pre_ingest_orderfix/isruc/2,,,941,1.0
isruc,3,/home/andy/Datasets/isruc/raw/subgroupIII/3/3.rec,/home/andy/Datasets/isruc/raw/subgroupIII/3/3_1.txt,/home/andy/Projects/Noctis/out/pre_ingest_orderfix/isruc/3,,,824,1.0
isruc,4,/home/andy/Datasets/isruc/raw/subgroupIII/4/4.rec,/home/andy/Datasets/isruc/raw/subgroupIII/4/4_1.txt,/home/andy/Projects/Noctis/out/pre_ingest_orderfix/isruc/4,,,794,1.0
isruc,5,/home/andy/Datasets/isruc/raw/subgroupIII/5/5.rec,/home/andy/Datasets/isruc/raw/subgroupIII/5/5_1.txt,/home/andy/Projects/Noctis/out/pre_ingest_orderfix/isruc/5,,,944,1.0
isruc,6,/home/andy/Datasets/isruc/raw/subgroupIII/6/6.rec,/home/andy/Datasets/isruc/raw/subgroupIII/6/6_1.txt,/home/andy/Projects/Noctis/out/pre_ingest_orderfix/isruc/6,,,853,1.0
isruc,7,/home/andy/Datasets/isruc/raw/subgroupIII/7/7.rec,/home/andy/Datasets/isruc/raw/subgroupIII/7/7_1.txt,/home/andy/Projects/Noctis/out/pre_ingest_orderfix/isruc/7,,,814,1.0
isruc,8,/home/andy/Datasets/isruc/raw/subgroupIII/8/8.rec,/home/andy/Datasets/isruc/raw/subgroupIII/8/8_1.txt,/home/andy/Projects/Noctis/out/pre_ingest_orderfix/isruc/8,,,1000,1.0
isruc,9,/home/andy/Datasets/isruc/raw/subgroupIII/9/9.rec,/home/andy/Datasets/isruc/raw/subgroupIII/9/9_1.txt,/home/andy/Projects/Noctis/out/pre_ingest_orderfix/isruc/9,,,969,1.0
